{
  "scaler_X_mean": [
    -50.34740211391449,
    0.50025
  ],
  "scaler_X_scale": [
    14.390951526789614,
    0.4999999374999994
  ],
  "scaler_y_mean": 459.2576668510437,
  "scaler_y_scale": 120.51156191729024
}