{
  "inputs": {
    "Target_Angle": {
      "min": -79.99860736839912,
      "max": -30.0002768337869
    },
    "Wavelength_nm": {
      "min": 400.0025296633913,
      "max": 699.9976126908898
    }
  },
  "output": {
    "Period_nm": {
      "min": 271.6190848093322,
      "max": 930.4165460477016
    }
  }
}
